,acc,prec,rec,f1_mac,f1_wt
LightGBM,0.9995171414775471,0.9817560120948372,0.9966907366608189,0.9887835280410068,0.9995236458077882
TextCNN,0.9994205697730565,0.992677547606279,0.9798825358337467,0.9860583620155754,0.9994139546772791
